columna;valor_original;valor_homogenizado;motivo
ETNIA;NINGUNA;NINGUNO;Variante de género usada solo en 2019
TIPO_INGRESO;NO PROGRAMADA;URGENCIA;Etiqueta usada solo en 2019-2020: ingreso no planificado
NACIONALIDAD;HAITI;HAITÍ;Variante de tilde: se usa la forma más frecuente
NACIONALIDAD;MEXICO;MÉXICO;Variante de tilde: se usa la forma más frecuente
NACIONALIDAD;REPUBLICA DOMINICANA;REPÚBLICA DOMINICANA;Variante de tilde: se usa la forma más frecuente
HOSPPROCEDENCIA;COMPLEJO ASISTENCIAL DR. VÍCTOR RÍOS RUIZ (LOS ANGELES);COMPLEJO ASISTENCIAL DR. VÍCTOR RÍOS RUIZ (LOS ÁNGELES);Variante de tilde: se usa la forma más frecuente
HOSPPROCEDENCIA;HOSPITAL CLINICO METROPOLITANO LA FLORIDA DRA. ELOISA DIAZ INZUNZA;HOSPITAL CLÍNICO METROPOLITANO LA FLORIDA DRA. ELOISA DÍAZ INZUNZA;Variante de tilde: se usa la forma más frecuente
HOSPPROCEDENCIA;|114101;COMPLEJO HOSPITALARIO DR. SÓTERO DEL RÍO (SANTIAGO, PUENTE ALTO);Código de hospital en lugar del nombre (bitácora H06)
ESPECIALIDAD_MEDICA;MEDICINA GENERAL;MÉDICO GENERAL;Renombre: nombre usado solo en 2019
ESPECIALIDAD_MEDICA;MATRONA;MATRONAS(ES);Renombre: nombre usado solo en 2019
ESPECIALIDAD_MEDICA;NEFROLOGÍA;NEFROLOGÍA ADULTO;Renombre: en 2019 la versión pediátrica ya era una categoría aparte
ESPECIALIDAD_MEDICA;NEFROLOGÍA PEDIÁTRICA;NEFROLOGÍA PEDIÁTRICO;Renombre: nombre usado solo en 2019
ESPECIALIDAD_MEDICA;MEDICINA INTENSIVA;MEDICINA INTENSIVA ADULTO;Renombre: en 2019 la versión pediátrica ya era una categoría aparte
ESPECIALIDAD_MEDICA;CUIDADOS INTENSIVOS PEDIÁTRICO;MEDICINA INTENSIVA PEDIÁTRICA;Renombre: mismo concepto con otro nombre en 2019
ESPECIALIDAD_MEDICA;HEMATOLOGÍA ONCOLÓGICA PEDIÁTRICA;HEMATO-ONCOLOGÍA PEDIÁTRICA;Renombre: nombre usado solo en 2019
ESPECIALIDAD_MEDICA;CIRUGÍA Y TRAUMATOLOGÍA BUCOMAXILOFACIAL;CIRUGÍA Y TRAUMATOLOGÍA BUCO MAXILOFACIAL;Renombre: nombre usado solo en 2019
ESPECIALIDAD_MEDICA;CIRUGÍA CABEZA CUELLO Y PLÁSTICA MAXILO FACIAL;CIRUGÍA DE CABEZA, CUELLO Y MAXILOFACIAL;Renombre: nombre usado solo en 2019
ESPECIALIDAD_MEDICA;ENFERMEDADES RESPIRATORIAS;ENFERMEDADES RESPIRATORIAS DEL ADULTO (BRONCOPULMONAR);Renombre: en 2019 la versión pediátrica ya era una categoría aparte
ESPECIALIDAD_MEDICA;ENFERNEDADES RESPIRATORIAS PEDIÁTRICA;ENFERMEDADES RESPIRATORIAS PEDIÁTRICAS (BRONCOPULMONAR PEDIATRICO);Renombre y error de tipeo en 2019
ESPECIALIDAD_MEDICA;GASTROENTEROLOGÍA;GASTROENTEROLOGÍA ADULTO;Renombre: en 2019 la versión pediátrica ya era una categoría aparte
ESPECIALIDAD_MEDICA;CIRUGÍA COLOPROCTOLÓGICA;COLOPROCTOLOGÍA;Renombre: nombre usado solo en 2019
ESPECIALIDAD_MEDICA;CIRUGÍA TÓRAX;CIRUGÍA DE TÓRAX;Renombre: nombre usado solo en 2019
ESPECIALIDAD_MEDICA;DERMATOLOGÍA;DERMATOLOGÍA Y VENEROLOGÍA;Renombre: nombre usado solo en 2019
ESPECIALIDAD_MEDICA;ENDOCRINOLOGÍA;ENDOCRINOLOGÍA ADULTO;Renombre: en 2019 la versión pediátrica ya era una categoría aparte
ESPECIALIDAD_MEDICA;INMUNOLOGÍA;INMUNOLOGÍA CLÍNICA;Renombre: nombre usado solo en 2019
ESPECIALIDAD_MEDICA;IMPLANTOLOGÍA;IMPLANTOLOGIA BUCO MAXILOFACIAL;Renombre: nombre usado solo en 2019
ESPECIALIDAD_MEDICA;INFECTOLOGÍA PEDIÁTRICA;INFECTOLOGÍA PEDIATRICA;Variante de tilde: se usa la forma más frecuente
ESPECIALIDADINTERVENCION;MEDICINA GENERAL;MÉDICO GENERAL;Renombre: nombre usado solo en 2019
ESPECIALIDADINTERVENCION;MATRONA;MATRONAS(ES);Renombre: nombre usado solo en 2019
ESPECIALIDADINTERVENCION;NEFROLOGÍA;NEFROLOGÍA ADULTO;Renombre: en 2019 la versión pediátrica ya era una categoría aparte
ESPECIALIDADINTERVENCION;NEFROLOGÍA PEDIÁTRICA;NEFROLOGÍA PEDIÁTRICO;Renombre: nombre usado solo en 2019
ESPECIALIDADINTERVENCION;MEDICINA INTENSIVA;MEDICINA INTENSIVA ADULTO;Renombre: en 2019 la versión pediátrica ya era una categoría aparte
ESPECIALIDADINTERVENCION;CUIDADOS INTENSIVOS PEDIÁTRICO;MEDICINA INTENSIVA PEDIÁTRICA;Renombre: mismo concepto con otro nombre en 2019
ESPECIALIDADINTERVENCION;HEMATOLOGÍA ONCOLÓGICA PEDIÁTRICA;HEMATO-ONCOLOGÍA PEDIÁTRICA;Renombre: nombre usado solo en 2019
ESPECIALIDADINTERVENCION;CIRUGÍA Y TRAUMATOLOGÍA BUCOMAXILOFACIAL;CIRUGÍA Y TRAUMATOLOGÍA BUCO MAXILOFACIAL;Renombre: nombre usado solo en 2019
ESPECIALIDADINTERVENCION;CIRUGÍA CABEZA CUELLO Y PLÁSTICA MAXILO FACIAL;CIRUGÍA DE CABEZA, CUELLO Y MAXILOFACIAL;Renombre: nombre usado solo en 2019
ESPECIALIDADINTERVENCION;ENFERMEDADES RESPIRATORIAS;ENFERMEDADES RESPIRATORIAS DEL ADULTO (BRONCOPULMONAR);Renombre: en 2019 la versión pediátrica ya era una categoría aparte
ESPECIALIDADINTERVENCION;ENFERNEDADES RESPIRATORIAS PEDIÁTRICA;ENFERMEDADES RESPIRATORIAS PEDIÁTRICAS (BRONCOPULMONAR PEDIATRICO);Renombre y error de tipeo en 2019
ESPECIALIDADINTERVENCION;GASTROENTEROLOGÍA;GASTROENTEROLOGÍA ADULTO;Renombre: en 2019 la versión pediátrica ya era una categoría aparte
ESPECIALIDADINTERVENCION;CIRUGÍA COLOPROCTOLÓGICA;COLOPROCTOLOGÍA;Renombre: nombre usado solo en 2019
ESPECIALIDADINTERVENCION;CIRUGÍA TÓRAX;CIRUGÍA DE TÓRAX;Renombre: nombre usado solo en 2019
ESPECIALIDADINTERVENCION;DERMATOLOGÍA;DERMATOLOGÍA Y VENEROLOGÍA;Renombre: nombre usado solo en 2019
ESPECIALIDADINTERVENCION;ENDOCRINOLOGÍA;ENDOCRINOLOGÍA ADULTO;Renombre: en 2019 la versión pediátrica ya era una categoría aparte
ESPECIALIDADINTERVENCION;INMUNOLOGÍA;INMUNOLOGÍA CLÍNICA;Renombre: nombre usado solo en 2019
ESPECIALIDADINTERVENCION;IMPLANTOLOGÍA;IMPLANTOLOGIA BUCO MAXILOFACIAL;Renombre: nombre usado solo en 2019
ESPECIALIDADINTERVENCION;INFECTOLOGÍA PEDIÁTRICA;INFECTOLOGÍA PEDIATRICA;Variante de tilde: se usa la forma más frecuente
